sample_id;prediction
131672_1767670500;77.706202
131672_1767670800;109.785641
131672_1767671100;170.347602
131672_1767671400;131.447921
134040_1767672000;55.450850
134040_1767672300;117.480212
134040_1767672600;63.936089
134040_1767672900;47.634722
134040_1767673200;121.186602
134040_1767673500;190.825625
122048_1767673800;51.558818
122048_1767674100;16.135765
122048_1767674400;-24.006935
122048_1767674700;-56.707932
122048_1767675000;-9.722011
122048_1767675300;-24.238582
131672_1767675600;-37.504475
131672_1767675900;-33.699944
131672_1767676200;-24.622854
131672_1767676500;36.945436
131672_1767676800;-0.763668
131672_1767677100;37.926683
122658_1767679500;39.778617
122658_1767679800;20.541636
122658_1767680100;22.568160
122658_1767680400;109.044668
122658_1767680700;151.153929
134040_1767684600;78.575750
130238_1767684600;36.228007
130238_1767684900;44.816254
134040_1767684900;35.258537
134040_1767685200;119.389281
130238_1767685200;37.804213
134040_1767685500;102.666093
130238_1767685500;50.219306
134040_1767685800;94.216134
130238_1767685800;56.492248
130238_1767686100;65.734232
134040_1767686100;51.129469
122658_1767686400;-30.814419
122658_1767686700;4.516328
122658_1767687000;-4.301313
122658_1767687300;35.996992
122658_1767687600;29.775234
122658_1767687900;60.226117
122613_1767690000;71.467513
122613_1767690300;85.722766
122613_1767690600;117.922242
122613_1767690900;39.365552
122613_1767691200;20.086081
122613_1767691500;-30.628297
122048_1767695400;-116.413526
122048_1767695700;-66.882392
122048_1767696000;-36.728479
122048_1767696300;-46.084365
122048_1767696600;-27.974555
122048_1767696900;-134.820466
133300_1767699000;-33.241207
122048_1767699000;-211.657626
133300_1767699300;11.246252
122048_1767699300;-247.564503
122048_1767699600;-234.172145
133300_1767699600;79.358141
122048_1767699900;-225.397295
133300_1767699900;94.735963
122048_1767700200;-95.293612
133300_1767700200;60.661605
122048_1767700500;165.059518
133300_1767700500;118.429196
133957_1767700800;38.956477
133957_1767701100;143.049561
133957_1767701400;138.336953
133957_1767701700;75.658206
133957_1767702000;78.427966
133957_1767702300;110.817855
129964_1767702600;6.796881
129964_1767702900;-33.060300
129964_1767703200;-29.646327
129964_1767703500;-53.178822
129964_1767704100;-130.498065
122658_1767706200;28.614680
122658_1767706500;12.976137
122658_1767706800;-4.798941
122658_1767707100;24.982736
122658_1767707400;-9.578821
131672_1767709800;122.199773
122048_1767709800;-176.924080
131672_1767710100;-54.547740
122048_1767710100;-6.811529
131672_1767710400;-65.965987
122048_1767710400;-29.540218
122048_1767710700;-24.630223
131672_1767710700;-105.370397
131672_1767711000;-67.489781
122048_1767711000;10.260128
122048_1767711300;-4.847682
131672_1767711300;-63.825406
132430_1767713400;317.594246
133300_1767713400;-36.173494
132430_1767713700;319.963918
133300_1767713700;-22.705943
133300_1767714000;96.726489
132430_1767714000;237.878861
132430_1767714300;232.541332
133300_1767714600;11.689677
132430_1767714600;338.740534
132430_1767714900;354.958318
133300_1767714900;26.370763
122048_1767717000;-29.442186
122048_1767717300;-37.778554
122048_1767717600;-42.603387
122613_1767718800;73.094338
132430_1767720000;46.376577
132430_1767720300;71.571090
131672_1767722400;122.825691
131672_1767722700;265.878648
131672_1767723000;333.064739
131672_1767723300;329.774881
131672_1767723600;387.059446
131672_1767723900;382.520242
133957_1767724200;196.165221
132430_1767727800;283.553410
132430_1767728100;211.260196
132430_1767728400;142.390963
132430_1767728700;246.925680
132430_1767729000;152.716805
132430_1767729300;138.608483
122048_1767731400;-30.214145
122048_1767731700;-16.586965
122048_1767732000;14.160810
122048_1767732300;-20.442219
122048_1767732600;41.743957
122048_1767732900;25.084027
134040_1767733200;327.255347
134040_1767733500;365.860093
134040_1767733800;423.617917
134040_1767734100;412.725416
134040_1767734400;384.296356
134040_1767734700;356.295402
130072_1767736800;-3.397128
130072_1767737100;1.132404
130072_1767737400;-23.330480
130072_1767737700;-12.525428
130072_1767738000;-8.065211
130072_1767738300;16.077690
130072_1767742200;55.469804
130072_1767742500;41.609946
130072_1767742800;39.067850
130072_1767743100;28.336561
130072_1767743400;46.479880
130072_1767743700;12.774546
