tr_id,origin_vehicle,shift_ns
122048,122048,0
122613,122613,0
122658,122658,0
129964,129964,0
130072,130072,0
130238,130238,0
131672,131672,0
132430,132430,0
133300,133300,0
133957,133957,0
134040,134040,0
134494,134494,0
135081,135081,0
9000000,122048,1314989033068
9000001,122048,66862763477
9000002,122613,246194654096
9000003,122613,-698837638943
9000004,122658,-1457119866201
9000005,122658,1407113719859
9000006,129964,1723517831573
9000007,129964,743905993803
9000008,130072,1304668559204
9000009,130072,-696256594809
9000010,130238,1667942481775
9000011,130238,1998277703800
9000012,131672,1564882685946
9000013,131672,-62111114104
9000014,132430,-1263123412800
9000015,132430,1570268893882
9000016,133300,1840807087695
9000017,133300,-111771855965
9000018,133957,-147369988946
9000019,133957,87712873048
9000020,134040,-1442833335158
9000021,134040,-2041833070942
9000022,134494,986795686885
9000023,134494,663094276261
9000024,135081,-509886636232
9000025,135081,-1473759681821
